"","ML1","ML2"
"item1",0.94968500799246,-0.131655334589019
"item2",0.441193587197124,0.377152157867239
"item3",0.41314298000761,0.310377793670734
"item4",0.799700691852464,-0.0182742788654629
"item5",0.538951252599538,0.174569433759487
"item6",0.485310707401303,0.114569586435474
"item7",-0.00756773965682545,0.920379462131753
"item8",0.225685311695145,0.505291717264006
"item9",0.672561037652804,0.0948247180154796
"item10",0.645831884638708,0.229332429522536
