"","ML1","ML2"
"item1",0.927810048251289,-0.111713725926135
"item2",0.296705915353589,0.409281511791393
"item3",0.23403998100067,0.458166176731584
"item4",0.762996491081046,0.0613453253714754
"item5",0.458227175723281,0.206972257186111
"item6",0.269817645221474,0.322202951747681
"item7",-0.048048549151348,0.843316795336061
"item8",0.0386454499882448,0.695515156823484
"item9",0.484683291421423,0.315160332089626
"item10",0.559710598060443,0.344945264295827
